{"pose": [0.0668998509645462, 0.6838114857673645, -2.2212421894073486, -0.10742868483066559, 0.18254178762435913, -0.45743852853775024, 0.15056785941123962, 0.060854051262140274, -0.6436822414398193, -0.005683936644345522, -0.15911981463432312, -0.3441186845302582, -0.2147822380065918, 0.13444237411022186, -0.7773352265357971, -0.009118537418544292, -0.025431739166378975, -0.40525925159454346, -0.03439006209373474, -0.0386485792696476, -0.5783962607383728, -0.43548810482025146, -0.14669030904769897, -0.7274888753890991, -0.16703848540782928, -0.10550790280103683, -0.20166011154651642, -0.2236313670873642, -0.08559432625770569, -0.41420942544937134, -0.10333286225795746, -0.07045473158359528, -0.7697657346725464, -0.2843313217163086, -0.19852346181869507, -0.2696686387062073, -0.14078108966350555, 0.04236012324690819, -0.5251283645629883, -0.17212890088558197, -0.12936557829380035, 0.24527961015701294, -0.023652411997318268, -0.08603765815496445, -0.3392959237098694, 0.19181500375270844, 0.5228250026702881, -0.004829244688153267], "shape": [0.012112864293158054, 0.030502183362841606, -0.09791141748428345, -0.27263587713241577, 0.08729907870292664, 0.04990082606673241, -0.25955894589424133, 0.22682687640190125, 0.04160833731293678, 0.08726250380277634]}